Run,Assay Type,AvgSpotLen,Bases,BIOMATERIAL_PROVIDER,BioProject,BioSample,BioSampleModel,Bytes,Center Name,Consent,DATASTORE filetype,DATASTORE provider,DATASTORE region,dev_stage,Ecotype,Experiment,geo_loc_name_country,geo_loc_name_country_continent,geo_loc_name,Instrument,isolate,Library Name,LibraryLayout,LibrarySelection,LibrarySource,Organism,Platform,ReleaseDate,create_date,version,Sample Name,sex_phenotype,sex_genotype,SRA Study,tissue
SRR19218228,WGS,302,5340470454,"Jon Mee\, Mount Royal University",PRJNA838194,SAMN28408556,Model organism or animal,2410483219,MOUNT ROYAL UNIVERSITY,public,"fastq,run.zq,sra","gs,ncbi,s3","gs.us-east1,ncbi.public,s3.us-east-1",adult,spined,SRX15282050,Canada,North America,"Canada: Alberta\, Shunda Lake",HiSeq X Ten,FSH_003,FSH_003,PAIRED,RANDOM,GENOMIC,Culaea inconstans,ILLUMINA,2023-08-31T00:00:00Z,2022-05-16T11:41:00Z,1,FSH_003,female,M,SRP375366,caudal fin
SRR19218207,WGS,302,6386098342,"Jon Mee\, Mount Royal University",PRJNA838194,SAMN28408557,Model organism or animal,2948989802,MOUNT ROYAL UNIVERSITY,public,"fastq,run.zq,sra","gs,ncbi,s3","gs.us-east1,ncbi.public,s3.us-east-1",adult,intermediate,SRX15282071,Canada,North America,"Canada: Alberta\, Shunda Lake",HiSeq X Ten,FSH_004,FSH_004,PAIRED,RANDOM,GENOMIC,Culaea inconstans,ILLUMINA,2023-08-31T00:00:00Z,2022-05-16T11:38:00Z,1,FSH_004,male,M,SRP375366,caudal fin
SRR19218174,WGS,302,5768178256,"Jon Mee\, Mount Royal University",PRJNA838194,SAMN28408558,Model organism or animal,2610632878,MOUNT ROYAL UNIVERSITY,public,"fastq,run.zq,sra","gs,ncbi,s3","gs.us-east1,ncbi.public,s3.us-east-1",adult,spined,SRX15282104,Canada,North America,"Canada: Alberta\, Shunda Lake",HiSeq X Ten,FSH_005,FSH_005,PAIRED,RANDOM,GENOMIC,Culaea inconstans,ILLUMINA,2023-08-31T00:00:00Z,2022-05-16T11:41:00Z,1,FSH_005,female,F,SRP375366,caudal fin
SRR19218141,WGS,302,6791825376,"Jon Mee\, Mount Royal University",PRJNA838194,SAMN28408559,Model organism or animal,3072756761,MOUNT ROYAL UNIVERSITY,public,"fastq,run.zq,sra","gs,ncbi,s3","gs.us-east1,ncbi.public,s3.us-east-1",adult,spined,SRX15282137,Canada,North America,"Canada: Alberta\, Shunda Lake",HiSeq X Ten,FSH_009,FSH_009,PAIRED,RANDOM,GENOMIC,Culaea inconstans,ILLUMINA,2023-08-31T00:00:00Z,2022-05-16T11:39:00Z,1,FSH_009,male,M,SRP375366,caudal fin
SRR19218224,WGS,302,6244835426,"Jon Mee\, Mount Royal University",PRJNA838194,SAMN28408560,Model organism or animal,2867550779,MOUNT ROYAL UNIVERSITY,public,"fastq,run.zq,sra","gs,ncbi,s3","gs.us-east1,ncbi.public,s3.us-east-1",adult,intermediate,SRX15282054,Canada,North America,"Canada: Alberta\, Shunda Lake",HiSeq X Ten,FSH_010,FSH_010,PAIRED,RANDOM,GENOMIC,Culaea inconstans,ILLUMINA,2023-08-31T00:00:00Z,2022-05-16T11:42:00Z,1,FSH_010,male,M,SRP375366,caudal fin
SRR19218222,WGS,302,6004924512,"Jon Mee\, Mount Royal University",PRJNA838194,SAMN28408561,Model organism or animal,2733989533,MOUNT ROYAL UNIVERSITY,public,"fastq,run.zq,sra","gs,ncbi,s3","gs.us-east1,ncbi.public,s3.us-east-1",adult,intermediate,SRX15282056,Canada,North America,"Canada: Alberta\, Shunda Lake",HiSeq X Ten,FSH_011,FSH_011,PAIRED,RANDOM,GENOMIC,Culaea inconstans,ILLUMINA,2023-08-31T00:00:00Z,2022-05-16T11:37:00Z,1,FSH_011,female,F,SRP375366,caudal fin
SRR19218220,WGS,302,6481742950,"Jon Mee\, Mount Royal University",PRJNA838194,SAMN28408562,Model organism or animal,2968677112,MOUNT ROYAL UNIVERSITY,public,"fastq,run.zq,sra","gs,ncbi,s3","gs.us-east1,ncbi.public,s3.us-east-1",adult,spined,SRX15282058,Canada,North America,"Canada: Alberta\, Shunda Lake",HiSeq X Ten,FSH_013,FSH_013,PAIRED,RANDOM,GENOMIC,Culaea inconstans,ILLUMINA,2023-08-31T00:00:00Z,2022-05-16T11:42:00Z,1,FSH_013,female,F,SRP375366,caudal fin
SRR19218218,WGS,302,7049207292,"Jon Mee\, Mount Royal University",PRJNA838194,SAMN28408563,Model organism or animal,3198976323,MOUNT ROYAL UNIVERSITY,public,"fastq,run.zq,sra","gs,ncbi,s3","gs.us-east1,ncbi.public,s3.us-east-1",adult,spined,SRX15282060,Canada,North America,"Canada: Alberta\, Shunda Lake",HiSeq X Ten,FSH_014,FSH_014,PAIRED,RANDOM,GENOMIC,Culaea inconstans,ILLUMINA,2023-08-31T00:00:00Z,2022-05-16T11:39:00Z,1,FSH_014,male,M,SRP375366,caudal fin
SRR19218227,WGS,302,6432472254,"Jon Mee\, Mount Royal University",PRJNA838194,SAMN28408564,Model organism or animal,2992111144,MOUNT ROYAL UNIVERSITY,public,"fastq,run.zq,sra","gs,ncbi,s3","gs.us-east1,ncbi.public,s3.us-east-1",adult,spined,SRX15282051,Canada,North America,"Canada: Alberta\, Shunda Lake",HiSeq X Ten,FSH_015,FSH_015,PAIRED,RANDOM,GENOMIC,Culaea inconstans,ILLUMINA,2023-08-31T00:00:00Z,2022-05-16T11:38:00Z,1,FSH_015,female,F,SRP375366,caudal fin
SRR19218196,WGS,302,7032096274,"Jon Mee\, Mount Royal University",PRJNA838194,SAMN28408565,Model organism or animal,3295110416,MOUNT ROYAL UNIVERSITY,public,"fastq,run.zq,sra","gs,ncbi,s3","gs.us-east1,ncbi.public,s3.us-east-1",adult,unspined,SRX15282082,Canada,North America,"Canada: Alberta\, Shunda Lake",HiSeq X Ten,FSH_016,FSH_016,PAIRED,RANDOM,GENOMIC,Culaea inconstans,ILLUMINA,2023-08-31T00:00:00Z,2022-05-16T11:38:00Z,1,FSH_016,male,M,SRP375366,caudal fin
SRR19218163,WGS,302,6239890478,"Jon Mee\, Mount Royal University",PRJNA838194,SAMN28408566,Model organism or animal,2907331325,MOUNT ROYAL UNIVERSITY,public,"fastq,run.zq,sra","gs,ncbi,s3","gs.us-east1,ncbi.public,s3.us-east-1",adult,spined,SRX15282115,Canada,North America,"Canada: Alberta\, Shunda Lake",HiSeq X Ten,FSH_018,FSH_018,PAIRED,RANDOM,GENOMIC,Culaea inconstans,ILLUMINA,2023-08-31T00:00:00Z,2022-05-16T11:36:00Z,1,FSH_018,male,M,SRP375366,caudal fin
SRR19218226,WGS,302,5975513336,"Jon Mee\, Mount Royal University",PRJNA838194,SAMN28408567,Model organism or animal,2777296987,MOUNT ROYAL UNIVERSITY,public,"fastq,run.zq,sra","gs,ncbi,s3","gs.us-east1,ncbi.public,s3.us-east-1",adult,spined,SRX15282052,Canada,North America,"Canada: Alberta\, Shunda Lake",HiSeq X Ten,FSH_021,FSH_021,PAIRED,RANDOM,GENOMIC,Culaea inconstans,ILLUMINA,2023-08-31T00:00:00Z,2022-05-16T11:38:00Z,1,FSH_021,male,M,SRP375366,caudal fin
SRR19218223,WGS,302,7320092232,"Jon Mee\, Mount Royal University",PRJNA838194,SAMN28408568,Model organism or animal,3407143226,MOUNT ROYAL UNIVERSITY,public,"fastq,run.zq,sra","gs,ncbi,s3","gs.us-east1,ncbi.public,s3.us-east-1",adult,spined,SRX15282055,Canada,North America,"Canada: Alberta\, Shunda Lake",HiSeq X Ten,FSH_023,FSH_023,PAIRED,RANDOM,GENOMIC,Culaea inconstans,ILLUMINA,2023-08-31T00:00:00Z,2022-05-16T11:40:00Z,1,FSH_023,female,M,SRP375366,caudal fin
SRR19218221,WGS,302,7623579280,"Jon Mee\, Mount Royal University",PRJNA838194,SAMN28408569,Model organism or animal,3522457539,MOUNT ROYAL UNIVERSITY,public,"fastq,run.zq,sra","gs,ncbi,s3","gs.us-east1,ncbi.public,s3.us-east-1",adult,intermediate,SRX15282057,Canada,North America,"Canada: Alberta\, Shunda Lake",HiSeq X Ten,FSH_024,FSH_024,PAIRED,RANDOM,GENOMIC,Culaea inconstans,ILLUMINA,2023-08-31T00:00:00Z,2022-05-16T11:43:00Z,1,FSH_024,female,F,SRP375366,caudal fin
SRR19218156,WGS,302,8254734214,"Jon Mee\, Mount Royal University",PRJNA838194,SAMN28408570,Model organism or animal,2701909743,MOUNT ROYAL UNIVERSITY,public,"fastq,run.zq,sra","gs,ncbi,s3","gs.us-east1,ncbi.public,s3.us-east-1",adult,spined,SRX15282122,Canada,North America,"Canada: Alberta\, Shunda Lake",Illumina NovaSeq 6000,FSH_025,FSH_025,PAIRED,RANDOM,GENOMIC,Culaea inconstans,ILLUMINA,2023-08-31T00:00:00Z,2022-05-16T11:45:00Z,1,FSH_025,female,F,SRP375366,caudal fin
SRR19218219,WGS,302,7002789288,"Jon Mee\, Mount Royal University",PRJNA838194,SAMN28408571,Model organism or animal,3226176000,MOUNT ROYAL UNIVERSITY,public,"fastq,run.zq,sra","gs,ncbi,s3","gs.us-east1,ncbi.public,s3.us-east-1",adult,spined,SRX15282059,Canada,North America,"Canada: Alberta\, Shunda Lake",HiSeq X Ten,FSH_027,FSH_027,PAIRED,RANDOM,GENOMIC,Culaea inconstans,ILLUMINA,2023-08-31T00:00:00Z,2022-05-16T11:37:00Z,1,FSH_027,male,M,SRP375366,caudal fin
SRR19218217,WGS,302,7451525652,"Jon Mee\, Mount Royal University",PRJNA838194,SAMN28408572,Model organism or animal,3470371095,MOUNT ROYAL UNIVERSITY,public,"fastq,run.zq,sra","gs,ncbi,s3","gs.us-east1,ncbi.public,s3.us-east-1",adult,spined,SRX15282061,Canada,North America,"Canada: Alberta\, Shunda Lake",HiSeq X Ten,FSH_029,FSH_029,PAIRED,RANDOM,GENOMIC,Culaea inconstans,ILLUMINA,2023-08-31T00:00:00Z,2022-05-16T11:41:00Z,1,FSH_029,male,M,SRP375366,caudal fin
SRR19218216,WGS,302,6162045146,"Jon Mee\, Mount Royal University",PRJNA838194,SAMN28408573,Model organism or animal,2794331019,MOUNT ROYAL UNIVERSITY,public,"fastq,run.zq,sra","gs,ncbi,s3","gs.us-east1,ncbi.public,s3.us-east-1",adult,spined,SRX15282062,Canada,North America,"Canada: Alberta\, Shunda Lake",HiSeq X Ten,FSH_032,FSH_032,PAIRED,RANDOM,GENOMIC,Culaea inconstans,ILLUMINA,2023-08-31T00:00:00Z,2022-05-16T11:40:00Z,1,FSH_032,male,M,SRP375366,caudal fin
SRR19218185,WGS,302,6228020670,"Jon Mee\, Mount Royal University",PRJNA838194,SAMN28408574,Model organism or animal,2842727648,MOUNT ROYAL UNIVERSITY,public,"fastq,run.zq,sra","gs,ncbi,s3","gs.us-east1,ncbi.public,s3.us-east-1",adult,unspined,SRX15282093,Canada,North America,"Canada: Alberta\, Shunda Lake",HiSeq X Ten,FSH_033,FSH_033,PAIRED,RANDOM,GENOMIC,Culaea inconstans,ILLUMINA,2023-08-31T00:00:00Z,2022-05-16T11:38:00Z,1,FSH_033,female,F,SRP375366,caudal fin
SRR19218152,WGS,302,6469148946,"Jon Mee\, Mount Royal University",PRJNA838194,SAMN28408575,Model organism or animal,2953232824,MOUNT ROYAL UNIVERSITY,public,"fastq,run.zq,sra","gs,ncbi,s3","gs.us-east1,ncbi.public,s3.us-east-1",adult,spined,SRX15282126,Canada,North America,"Canada: Alberta\, Shunda Lake",HiSeq X Ten,FSH_036,FSH_036,PAIRED,RANDOM,GENOMIC,Culaea inconstans,ILLUMINA,2023-08-31T00:00:00Z,2022-05-16T11:40:00Z,1,FSH_036,female,F,SRP375366,caudal fin
SRR19218225,WGS,302,6285152728,"Jon Mee\, Mount Royal University",PRJNA838194,SAMN28408576,Model organism or animal,2877879034,MOUNT ROYAL UNIVERSITY,public,"fastq,run.zq,sra","gs,ncbi,s3","gs.us-east1,ncbi.public,s3.us-east-1",adult,spined,SRX15282053,Canada,North America,"Canada: Alberta\, Shunda Lake",HiSeq X Ten,FSH_038,FSH_038,PAIRED,RANDOM,GENOMIC,Culaea inconstans,ILLUMINA,2023-08-31T00:00:00Z,2022-05-16T11:46:00Z,1,FSH_038,male,M,SRP375366,caudal fin
SRR19218203,WGS,302,9021450606,"Jon Mee\, Mount Royal University",PRJNA838194,SAMN28408577,Model organism or animal,3835993273,MOUNT ROYAL UNIVERSITY,public,"fastq,run.zq,sra","gs,ncbi,s3","gs.us-east1,ncbi.public,s3.us-east-1",adult,spined,SRX15282075,Canada,North America,"Canada: Alberta\, Shunda Lake",HiSeq X Ten,FSH_039,FSH_039,PAIRED,RANDOM,GENOMIC,Culaea inconstans,ILLUMINA,2023-08-31T00:00:00Z,2022-05-16T11:40:00Z,1,FSH_039,male,M,SRP375366,caudal fin
SRR19218201,WGS,302,8266308968,"Jon Mee\, Mount Royal University",PRJNA838194,SAMN28408578,Model organism or animal,3495984916,MOUNT ROYAL UNIVERSITY,public,"fastq,run.zq,sra","gs,ncbi,s3","gs.us-east1,ncbi.public,s3.us-east-1",adult,spined,SRX15282077,Canada,North America,"Canada: Alberta\, Shunda Lake",HiSeq X Ten,FSH_041,FSH_041,PAIRED,RANDOM,GENOMIC,Culaea inconstans,ILLUMINA,2023-08-31T00:00:00Z,2022-05-16T11:43:00Z,1,FSH_041,male,M,SRP375366,caudal fin
SRR19218199,WGS,302,8833977764,"Jon Mee\, Mount Royal University",PRJNA838194,SAMN28408579,Model organism or animal,3755226150,MOUNT ROYAL UNIVERSITY,public,"fastq,run.zq,sra","gs,ncbi,s3","gs.us-east1,ncbi.public,s3.us-east-1",adult,spined,SRX15282079,Canada,North America,"Canada: Alberta\, Shunda Lake",HiSeq X Ten,FSH_042,FSH_042,PAIRED,RANDOM,GENOMIC,Culaea inconstans,ILLUMINA,2023-08-31T00:00:00Z,2022-05-16T11:45:00Z,1,FSH_042,male,M,SRP375366,caudal fin
SRR19218197,WGS,302,7422092128,"Jon Mee\, Mount Royal University",PRJNA838194,SAMN28408580,Model organism or animal,3188381072,MOUNT ROYAL UNIVERSITY,public,"fastq,run.zq,sra","gs,ncbi,s3","gs.us-east1,ncbi.public,s3.us-east-1",adult,spined,SRX15282081,Canada,North America,"Canada: Alberta\, Shunda Lake",HiSeq X Ten,FSH_043,FSH_043,PAIRED,RANDOM,GENOMIC,Culaea inconstans,ILLUMINA,2023-08-31T00:00:00Z,2022-05-16T11:42:00Z,1,FSH_043,male,M,SRP375366,caudal fin
SRR19218208,WGS,302,6864218400,"Jon Mee\, Mount Royal University",PRJNA838194,SAMN28408581,Model organism or animal,3014370372,MOUNT ROYAL UNIVERSITY,public,"fastq,run.zq,sra","gs,ncbi,s3","gs.us-east1,ncbi.public,s3.us-east-1",adult,unspined,SRX15282070,Canada,North America,"Canada: Alberta\, Shunda Lake",HiSeq X Ten,FSH_044,FSH_044,PAIRED,RANDOM,GENOMIC,Culaea inconstans,ILLUMINA,2023-08-31T00:00:00Z,2022-05-16T11:41:00Z,1,FSH_044,female,F,SRP375366,caudal fin
SRR19218206,WGS,302,9300805136,"Jon Mee\, Mount Royal University",PRJNA838194,SAMN28408582,Model organism or animal,3985683723,MOUNT ROYAL UNIVERSITY,public,"fastq,run.zq,sra","gs,ncbi,s3","gs.us-east1,ncbi.public,s3.us-east-1",adult,spined,SRX15282072,Canada,North America,"Canada: Alberta\, Shunda Lake",HiSeq X Ten,FSH_056,FSH_056,PAIRED,RANDOM,GENOMIC,Culaea inconstans,ILLUMINA,2023-08-31T00:00:00Z,2022-05-16T11:41:00Z,1,FSH_056,male,M,SRP375366,caudal fin
SRR19218150,WGS,302,7264715096,"Jon Mee\, Mount Royal University",PRJNA838194,SAMN28408583,Model organism or animal,2391349103,MOUNT ROYAL UNIVERSITY,public,"fastq,run.zq,sra","gs,ncbi,s3","gs.us-east1,ncbi.public,s3.us-east-1",adult,spined,SRX15282128,Canada,North America,"Canada: Alberta\, Shunda Lake",Illumina NovaSeq 6000,FSH_059,FSH_059,PAIRED,RANDOM,GENOMIC,Culaea inconstans,ILLUMINA,2023-08-31T00:00:00Z,2022-05-16T11:52:00Z,1,FSH_059,male,M,SRP375366,caudal fin
SRR19218205,WGS,302,7550040468,"Jon Mee\, Mount Royal University",PRJNA838194,SAMN28408584,Model organism or animal,3290186450,MOUNT ROYAL UNIVERSITY,public,"fastq,run.zq,sra","gs,ncbi,s3","gs.us-east1,ncbi.public,s3.us-east-1",adult,intermediate,SRX15282073,Canada,North America,"Canada: Alberta\, Shunda Lake",HiSeq X Ten,FSH_065,FSH_065,PAIRED,RANDOM,GENOMIC,Culaea inconstans,ILLUMINA,2023-08-31T00:00:00Z,2022-05-16T12:08:00Z,1,FSH_065,female,F,SRP375366,caudal fin
SRR19218204,WGS,302,6819357810,"Jon Mee\, Mount Royal University",PRJNA838194,SAMN28408585,Model organism or animal,2926808887,MOUNT ROYAL UNIVERSITY,public,"fastq,run.zq,sra","gs,ncbi,s3","gs.us-east1,ncbi.public,s3.us-east-1",adult,intermediate,SRX15282074,Canada,North America,"Canada: Alberta\, Shunda Lake",HiSeq X Ten,FSH_066,FSH_066,PAIRED,RANDOM,GENOMIC,Culaea inconstans,ILLUMINA,2023-08-31T00:00:00Z,2022-05-16T11:39:00Z,1,FSH_066,female,F,SRP375366,caudal fin
SRR19218202,WGS,302,7828493528,"Jon Mee\, Mount Royal University",PRJNA838194,SAMN28408586,Model organism or animal,3405833752,MOUNT ROYAL UNIVERSITY,public,"fastq,run.zq,sra","gs,ncbi,s3","gs.us-east1,ncbi.public,s3.us-east-1",adult,intermediate,SRX15282076,Canada,North America,"Canada: Alberta\, Shunda Lake",HiSeq X Ten,FSH_067,FSH_067,PAIRED,RANDOM,GENOMIC,Culaea inconstans,ILLUMINA,2023-08-31T00:00:00Z,2022-05-16T11:42:00Z,1,FSH_067,female,F,SRP375366,caudal fin
SRR19218200,WGS,302,7336168598,"Jon Mee\, Mount Royal University",PRJNA838194,SAMN28408587,Model organism or animal,3097995926,MOUNT ROYAL UNIVERSITY,public,"fastq,run.zq,sra","gs,ncbi,s3","gs.us-east1,ncbi.public,s3.us-east-1",adult,intermediate,SRX15282078,Canada,North America,"Canada: Alberta\, Shunda Lake",HiSeq X Ten,FSH_071,FSH_071,PAIRED,RANDOM,GENOMIC,Culaea inconstans,ILLUMINA,2023-08-31T00:00:00Z,2022-05-16T11:42:00Z,1,FSH_071,male,F,SRP375366,caudal fin
SRR19218198,WGS,302,29619700356,"Jon Mee\, Mount Royal University",PRJNA838194,SAMN28408588,Model organism or animal,12505848764,MOUNT ROYAL UNIVERSITY,public,"fastq,run.zq,sra","gs,ncbi,s3","gs.us-east1,ncbi.public,s3.us-east-1",adult,unspined,SRX15282080,Canada,North America,"Canada: Alberta\, Shunda Lake",HiSeq X Ten,FSH_074,FSH_074,PAIRED,RANDOM,GENOMIC,Culaea inconstans,ILLUMINA,2023-08-31T00:00:00Z,2022-05-16T12:30:00Z,1,FSH_074,female,M,SRP375366,caudal fin
SRR19218215,WGS,302,13918432550,"Jon Mee\, Mount Royal University",PRJNA838194,SAMN28408590,Model organism or animal,6304254898,MOUNT ROYAL UNIVERSITY,public,"fastq,run.zq,sra","gs,ncbi,s3","gs.us-east1,ncbi.public,s3.us-east-1",adult,unspined,SRX15282063,Canada,North America,"Canada: Alberta\, Shunda Lake",HiSeq X Ten,FSH_077,FSH_077,PAIRED,RANDOM,GENOMIC,Culaea inconstans,ILLUMINA,2023-08-31T00:00:00Z,2022-05-16T11:58:00Z,1,FSH_077,female,F,SRP375366,caudal fin
SRR19218214,WGS,302,15751471380,"Jon Mee\, Mount Royal University",PRJNA838194,SAMN28408591,Model organism or animal,7060616984,MOUNT ROYAL UNIVERSITY,public,"fastq,run.zq,sra","gs,ncbi,s3","gs.us-east1,ncbi.public,s3.us-east-1",adult,intermediate,SRX15282064,Canada,North America,"Canada: Alberta\, Shunda Lake",HiSeq X Ten,FSH_079,FSH_079,PAIRED,RANDOM,GENOMIC,Culaea inconstans,ILLUMINA,2023-08-31T00:00:00Z,2022-05-16T11:58:00Z,1,FSH_079,male,M,SRP375366,caudal fin
SRR19218209,WGS,302,15145052360,"Jon Mee\, Mount Royal University",PRJNA838194,SAMN28408592,Model organism or animal,6786078820,MOUNT ROYAL UNIVERSITY,public,"fastq,run.zq,sra","gs,ncbi,s3","gs.us-east1,ncbi.public,s3.us-east-1",adult,unspined,SRX15282069,Canada,North America,"Canada: Alberta\, Shunda Lake",HiSeq X Ten,FSH_080,FSH_080,PAIRED,RANDOM,GENOMIC,Culaea inconstans,ILLUMINA,2023-08-31T00:00:00Z,2022-05-16T12:44:00Z,1,FSH_080,female,F,SRP375366,caudal fin
SRR19218213,WGS,302,14418362142,"Jon Mee\, Mount Royal University",PRJNA838194,SAMN28408593,Model organism or animal,6617765454,MOUNT ROYAL UNIVERSITY,public,"fastq,run.zq,sra","gs,ncbi,s3","gs.us-east1,ncbi.public,s3.us-east-1",adult,unspined,SRX15282065,Canada,North America,"Canada: Alberta\, Shunda Lake",HiSeq X Ten,FSH_081,FSH_081,PAIRED,RANDOM,GENOMIC,Culaea inconstans,ILLUMINA,2023-08-31T00:00:00Z,2022-05-16T12:00:00Z,1,FSH_081,male,M,SRP375366,caudal fin
SRR19218211,WGS,302,15850809750,"Jon Mee\, Mount Royal University",PRJNA838194,SAMN28408594,Model organism or animal,7313302536,MOUNT ROYAL UNIVERSITY,public,"fastq,run.zq,sra","gs,ncbi,s3","gs.us-east1,ncbi.public,s3.us-east-1",adult,unspined,SRX15282067,Canada,North America,"Canada: Alberta\, Shunda Lake",HiSeq X Ten,FSH_083,FSH_083,PAIRED,RANDOM,GENOMIC,Culaea inconstans,ILLUMINA,2023-08-31T00:00:00Z,2022-05-16T12:09:00Z,1,FSH_083,male,F,SRP375366,caudal fin
SRR19218212,WGS,302,14164132804,"Jon Mee\, Mount Royal University",PRJNA838194,SAMN28408595,Model organism or animal,6423404220,MOUNT ROYAL UNIVERSITY,public,"fastq,run.zq,sra","gs,ncbi,s3","gs.us-east1,ncbi.public,s3.us-east-1",adult,intermediate,SRX15282066,Canada,North America,"Canada: Alberta\, Shunda Lake",HiSeq X Ten,FSH_091,FSH_091,PAIRED,RANDOM,GENOMIC,Culaea inconstans,ILLUMINA,2023-08-31T00:00:00Z,2022-05-16T11:50:00Z,1,FSH_091,female,M,SRP375366,caudal fin
SRR19218210,WGS,302,12334547042,"Jon Mee\, Mount Royal University",PRJNA838194,SAMN28408597,Model organism or animal,5702944386,MOUNT ROYAL UNIVERSITY,public,"fastq,run.zq,sra","gs,ncbi,s3","gs.us-east1,ncbi.public,s3.us-east-1",adult,intermediate,SRX15282068,Canada,North America,"Canada: Alberta\, Shunda Lake",HiSeq X Ten,FSH_099,FSH_099,PAIRED,RANDOM,GENOMIC,Culaea inconstans,ILLUMINA,2023-08-31T00:00:00Z,2022-05-16T11:55:00Z,1,FSH_099,female,M,SRP375366,caudal fin
SRR19218145,WGS,302,6144213556,"Jon Mee\, Mount Royal University",PRJNA838194,SAMN28408598,Model organism or animal,2013876668,MOUNT ROYAL UNIVERSITY,public,"fastq,run.zq,sra","gs,ncbi,s3","gs.us-east1,ncbi.public,s3.us-east-1",adult,intermediate,SRX15282133,Canada,North America,"Canada: Alberta\, Shunda Lake",Illumina NovaSeq 6000,FSH_102,FSH_102,PAIRED,RANDOM,GENOMIC,Culaea inconstans,ILLUMINA,2023-08-31T00:00:00Z,2022-05-16T11:39:00Z,1,FSH_102,female,F,SRP375366,caudal fin
SRR19218137,WGS,302,6911817828,"Jon Mee\, Mount Royal University",PRJNA838194,SAMN28408599,Model organism or animal,2246248564,MOUNT ROYAL UNIVERSITY,public,"fastq,run.zq,sra","gs,ncbi,s3","gs.us-east1,ncbi.public,s3.us-east-1",adult,intermediate,SRX15282141,Canada,North America,"Canada: Alberta\, Shunda Lake",Illumina NovaSeq 6000,FSH_105,FSH_105,PAIRED,RANDOM,GENOMIC,Culaea inconstans,ILLUMINA,2023-08-31T00:00:00Z,2022-05-16T11:38:00Z,1,FSH_105,male,M,SRP375366,caudal fin
SRR19218194,WGS,302,6383369772,"Jon Mee\, Mount Royal University",PRJNA838194,SAMN28408600,Model organism or animal,2067794520,MOUNT ROYAL UNIVERSITY,public,"fastq,run.zq,sra","gs,ncbi,s3","gs.us-east1,ncbi.public,s3.us-east-1",adult,spined,SRX15282084,Canada,North America,"Canada: Alberta\, Shunda Lake",Illumina NovaSeq 6000,SH-19-001,SH-19-001,PAIRED,RANDOM,GENOMIC,Culaea inconstans,ILLUMINA,2023-08-31T00:00:00Z,2022-05-16T11:35:00Z,1,SH-19-001,male,F,SRP375366,caudal fin
SRR19218165,WGS,302,6316410332,"Jon Mee\, Mount Royal University",PRJNA838194,SAMN28408601,Model organism or animal,2052878963,MOUNT ROYAL UNIVERSITY,public,"fastq,run.zq,sra","gs,ncbi,s3","gs.us-east1,ncbi.public,s3.us-east-1",adult,spined,SRX15282113,Canada,North America,"Canada: Alberta\, Shunda Lake",Illumina NovaSeq 6000,SH-19-002,SH-19-002,PAIRED,RANDOM,GENOMIC,Culaea inconstans,ILLUMINA,2023-08-31T00:00:00Z,2022-05-16T11:38:00Z,1,SH-19-002,male,F,SRP375366,caudal fin
SRR19218160,WGS,302,6805071096,"Jon Mee\, Mount Royal University",PRJNA838194,SAMN28408602,Model organism or animal,2214023139,MOUNT ROYAL UNIVERSITY,public,"fastq,run.zq,sra","gs,ncbi,s3","gs.us-east1,ncbi.public,s3.us-east-1",adult,spined,SRX15282118,Canada,North America,"Canada: Alberta\, Shunda Lake",Illumina NovaSeq 6000,SH-19-003,SH-19-003,PAIRED,RANDOM,GENOMIC,Culaea inconstans,ILLUMINA,2023-08-31T00:00:00Z,2022-05-16T11:43:00Z,1,SH-19-003,male,M,SRP375366,caudal fin
SRR19218155,WGS,302,6798799764,"Jon Mee\, Mount Royal University",PRJNA838194,SAMN28408603,Model organism or animal,2204815538,MOUNT ROYAL UNIVERSITY,public,"fastq,run.zq,sra","gs,ncbi,s3","gs.us-east1,ncbi.public,s3.us-east-1",adult,intermediate,SRX15282123,Canada,North America,"Canada: Alberta\, Shunda Lake",Illumina NovaSeq 6000,SH-19-004,SH-19-004,PAIRED,RANDOM,GENOMIC,Culaea inconstans,ILLUMINA,2023-08-31T00:00:00Z,2022-05-16T11:39:00Z,1,SH-19-004,female,M,SRP375366,caudal fin
SRR19218149,WGS,302,7680455242,"Jon Mee\, Mount Royal University",PRJNA838194,SAMN28408604,Model organism or animal,2518713640,MOUNT ROYAL UNIVERSITY,public,"fastq,run.zq,sra","gs,ncbi,s3","gs.us-east1,ncbi.public,s3.us-east-1",adult,spined,SRX15282129,Canada,North America,"Canada: Alberta\, Shunda Lake",Illumina NovaSeq 6000,SH-19-005,SH-19-005,PAIRED,RANDOM,GENOMIC,Culaea inconstans,ILLUMINA,2023-08-31T00:00:00Z,2022-05-16T11:40:00Z,1,SH-19-005,male,M,SRP375366,caudal fin
SRR19218144,WGS,302,7355990066,"Jon Mee\, Mount Royal University",PRJNA838194,SAMN28408605,Model organism or animal,2397860390,MOUNT ROYAL UNIVERSITY,public,"fastq,run.zq,sra","gs,ncbi,s3","gs.us-east1,ncbi.public,s3.us-east-1",adult,spined,SRX15282134,Canada,North America,"Canada: Alberta\, Shunda Lake",Illumina NovaSeq 6000,SH-19-006,SH-19-006,PAIRED,RANDOM,GENOMIC,Culaea inconstans,ILLUMINA,2023-08-31T00:00:00Z,2022-05-16T11:41:00Z,1,SH-19-006,female,M,SRP375366,caudal fin
SRR19218140,WGS,302,6718288074,"Jon Mee\, Mount Royal University",PRJNA838194,SAMN28408606,Model organism or animal,2179872281,MOUNT ROYAL UNIVERSITY,public,"fastq,run.zq,sra","gs,ncbi,s3","gs.us-east1,ncbi.public,s3.us-east-1",adult,spined,SRX15282138,Canada,North America,"Canada: Alberta\, Shunda Lake",Illumina NovaSeq 6000,SH-19-007,SH-19-007,PAIRED,RANDOM,GENOMIC,Culaea inconstans,ILLUMINA,2023-08-31T00:00:00Z,2022-05-16T11:38:00Z,1,SH-19-007,male,M,SRP375366,caudal fin
SRR19218136,WGS,302,6999254680,"Jon Mee\, Mount Royal University",PRJNA838194,SAMN28408607,Model organism or animal,2268273339,MOUNT ROYAL UNIVERSITY,public,"fastq,run.zq,sra","gs,ncbi,s3","gs.us-east1,ncbi.public,s3.us-east-1",adult,intermediate,SRX15282142,Canada,North America,"Canada: Alberta\, Shunda Lake",Illumina NovaSeq 6000,SH-19-008,SH-19-008,PAIRED,RANDOM,GENOMIC,Culaea inconstans,ILLUMINA,2023-08-31T00:00:00Z,2022-05-16T11:39:00Z,1,SH-19-008,female,M,SRP375366,caudal fin
SRR19218191,WGS,302,6912975092,"Jon Mee\, Mount Royal University",PRJNA838194,SAMN28408608,Model organism or animal,2245319424,MOUNT ROYAL UNIVERSITY,public,"fastq,run.zq,sra","gs,ncbi,s3","gs.us-east1,ncbi.public,s3.us-east-1",adult,spined,SRX15282087,Canada,North America,"Canada: Alberta\, Shunda Lake",Illumina NovaSeq 6000,SH-19-009,SH-19-009,PAIRED,RANDOM,GENOMIC,Culaea inconstans,ILLUMINA,2023-08-31T00:00:00Z,2022-05-16T11:37:00Z,1,SH-19-009,female,M,SRP375366,caudal fin
SRR19218164,WGS,302,6802772876,"Jon Mee\, Mount Royal University",PRJNA838194,SAMN28408609,Model organism or animal,2207455647,MOUNT ROYAL UNIVERSITY,public,"fastq,run.zq,sra","gs,ncbi,s3","gs.us-east1,ncbi.public,s3.us-east-1",adult,spined,SRX15282114,Canada,North America,"Canada: Alberta\, Shunda Lake",Illumina NovaSeq 6000,SH-19-010,SH-19-010,PAIRED,RANDOM,GENOMIC,Culaea inconstans,ILLUMINA,2023-08-31T00:00:00Z,2022-05-16T11:38:00Z,1,SH-19-010,female,M,SRP375366,caudal fin
SRR19218159,WGS,302,6621741996,"Jon Mee\, Mount Royal University",PRJNA838194,SAMN28408610,Model organism or animal,2164426460,MOUNT ROYAL UNIVERSITY,public,"fastq,run.zq,sra","gs,ncbi,s3","gs.us-east1,ncbi.public,s3.us-east-1",adult,spined,SRX15282119,Canada,North America,"Canada: Alberta\, Shunda Lake",Illumina NovaSeq 6000,SH-19-011,SH-19-011,PAIRED,RANDOM,GENOMIC,Culaea inconstans,ILLUMINA,2023-08-31T00:00:00Z,2022-05-16T11:38:00Z,1,SH-19-011,female,M,SRP375366,caudal fin
SRR19218154,WGS,302,6803562002,"Jon Mee\, Mount Royal University",PRJNA838194,SAMN28408611,Model organism or animal,2209574652,MOUNT ROYAL UNIVERSITY,public,"fastq,run.zq,sra","gs,ncbi,s3","gs.us-east1,ncbi.public,s3.us-east-1",adult,spined,SRX15282124,Canada,North America,"Canada: Alberta\, Shunda Lake",Illumina NovaSeq 6000,SH-19-012,SH-19-012,PAIRED,RANDOM,GENOMIC,Culaea inconstans,ILLUMINA,2023-08-31T00:00:00Z,2022-05-16T11:39:00Z,1,SH-19-012,female,F,SRP375366,caudal fin
SRR19218148,WGS,302,7224937468,"Jon Mee\, Mount Royal University",PRJNA838194,SAMN28408612,Model organism or animal,2360524234,MOUNT ROYAL UNIVERSITY,public,"fastq,run.zq,sra","gs,ncbi,s3","gs.us-east1,ncbi.public,s3.us-east-1",adult,spined,SRX15282130,Canada,North America,"Canada: Alberta\, Shunda Lake",Illumina NovaSeq 6000,SH-19-013,SH-19-013,PAIRED,RANDOM,GENOMIC,Culaea inconstans,ILLUMINA,2023-08-31T00:00:00Z,2022-05-16T11:40:00Z,1,SH-19-013,female,M,SRP375366,caudal fin
SRR19218143,WGS,302,5691155874,"Jon Mee\, Mount Royal University",PRJNA838194,SAMN28408613,Model organism or animal,1853212237,MOUNT ROYAL UNIVERSITY,public,"fastq,run.zq,sra","gs,ncbi,s3","gs.us-east1,ncbi.public,s3.us-east-1",adult,spined,SRX15282135,Canada,North America,"Canada: Alberta\, Shunda Lake",Illumina NovaSeq 6000,SH-19-014,SH-19-014,PAIRED,RANDOM,GENOMIC,Culaea inconstans,ILLUMINA,2023-08-31T00:00:00Z,2022-05-16T11:36:00Z,1,SH-19-014,female,F,SRP375366,caudal fin
SRR19218139,WGS,302,6028144084,"Jon Mee\, Mount Royal University",PRJNA838194,SAMN28408614,Model organism or animal,1958506356,MOUNT ROYAL UNIVERSITY,public,"fastq,run.zq,sra","gs,ncbi,s3","gs.us-east1,ncbi.public,s3.us-east-1",adult,spined,SRX15282139,Canada,North America,"Canada: Alberta\, Shunda Lake",Illumina NovaSeq 6000,SH-19-016,SH-19-016,PAIRED,RANDOM,GENOMIC,Culaea inconstans,ILLUMINA,2023-08-31T00:00:00Z,2022-05-16T11:40:00Z,1,SH-19-016,male,F,SRP375366,caudal fin
SRR19218135,WGS,302,6114866102,"Jon Mee\, Mount Royal University",PRJNA838194,SAMN28408615,Model organism or animal,1992644131,MOUNT ROYAL UNIVERSITY,public,"fastq,run.zq,sra","gs,ncbi,s3","gs.us-east1,ncbi.public,s3.us-east-1",adult,spined,SRX15282143,Canada,North America,"Canada: Alberta\, Shunda Lake",Illumina NovaSeq 6000,SH-19-017,SH-19-017,PAIRED,RANDOM,GENOMIC,Culaea inconstans,ILLUMINA,2023-08-31T00:00:00Z,2022-05-16T11:36:00Z,1,SH-19-017,male,F,SRP375366,caudal fin
SRR19218187,WGS,302,5876850238,"Jon Mee\, Mount Royal University",PRJNA838194,SAMN28408616,Model organism or animal,1915708970,MOUNT ROYAL UNIVERSITY,public,"fastq,run.zq,sra","gs,ncbi,s3","gs.us-east1,ncbi.public,s3.us-east-1",adult,intermediate,SRX15282091,Canada,North America,"Canada: Alberta\, Shunda Lake",Illumina NovaSeq 6000,SH-19-018,SH-19-018,PAIRED,RANDOM,GENOMIC,Culaea inconstans,ILLUMINA,2023-08-31T00:00:00Z,2022-05-16T11:38:00Z,1,SH-19-018,female,F,SRP375366,caudal fin
SRR19218162,WGS,302,5931087022,"Jon Mee\, Mount Royal University",PRJNA838194,SAMN28408617,Model organism or animal,1938926921,MOUNT ROYAL UNIVERSITY,public,"fastq,run.zq,sra","gs,ncbi,s3","gs.us-east1,ncbi.public,s3.us-east-1",adult,intermediate,SRX15282116,Canada,North America,"Canada: Alberta\, Shunda Lake",Illumina NovaSeq 6000,SH-19-019,SH-19-019,PAIRED,RANDOM,GENOMIC,Culaea inconstans,ILLUMINA,2023-08-31T00:00:00Z,2022-05-16T11:36:00Z,1,SH-19-019,female,F,SRP375366,caudal fin
SRR19218158,WGS,302,6688583656,"Jon Mee\, Mount Royal University",PRJNA838194,SAMN28408618,Model organism or animal,2169363484,MOUNT ROYAL UNIVERSITY,public,"fastq,run.zq,sra","gs,ncbi,s3","gs.us-east1,ncbi.public,s3.us-east-1",adult,spined,SRX15282120,Canada,North America,"Canada: Alberta\, Shunda Lake",Illumina NovaSeq 6000,SH-19-020,SH-19-020,PAIRED,RANDOM,GENOMIC,Culaea inconstans,ILLUMINA,2023-08-31T00:00:00Z,2022-05-16T11:37:00Z,1,SH-19-020,male,M,SRP375366,caudal fin
SRR19218153,WGS,302,5419603514,"Jon Mee\, Mount Royal University",PRJNA838194,SAMN28408619,Model organism or animal,1755581045,MOUNT ROYAL UNIVERSITY,public,"fastq,run.zq,sra","gs,ncbi,s3","gs.us-east1,ncbi.public,s3.us-east-1",adult,spined,SRX15282125,Canada,North America,"Canada: Alberta\, Shunda Lake",Illumina NovaSeq 6000,SH-19-021,SH-19-021,PAIRED,RANDOM,GENOMIC,Culaea inconstans,ILLUMINA,2023-08-31T00:00:00Z,2022-05-16T11:40:00Z,1,SH-19-021,female,M,SRP375366,caudal fin
SRR19218147,WGS,302,6073568206,"Jon Mee\, Mount Royal University",PRJNA838194,SAMN28408620,Model organism or animal,1953214155,MOUNT ROYAL UNIVERSITY,public,"fastq,run.zq,sra","gs,ncbi,s3","gs.us-east1,ncbi.public,s3.us-east-1",adult,unspined,SRX15282131,Canada,North America,"Canada: Alberta\, Shunda Lake",Illumina NovaSeq 6000,SH-19-022,SH-19-022,PAIRED,RANDOM,GENOMIC,Culaea inconstans,ILLUMINA,2023-08-31T00:00:00Z,2022-05-16T11:38:00Z,1,SH-19-022,female,F,SRP375366,caudal fin
SRR19218142,WGS,302,5717123042,"Jon Mee\, Mount Royal University",PRJNA838194,SAMN28408621,Model organism or animal,1862487621,MOUNT ROYAL UNIVERSITY,public,"fastq,run.zq,sra","gs,ncbi,s3","gs.us-east1,ncbi.public,s3.us-east-1",adult,unspined,SRX15282136,Canada,North America,"Canada: Alberta\, Shunda Lake",Illumina NovaSeq 6000,SH-19-023,SH-19-023,PAIRED,RANDOM,GENOMIC,Culaea inconstans,ILLUMINA,2023-08-31T00:00:00Z,2022-05-16T11:45:00Z,1,SH-19-023,female,M,SRP375366,caudal fin
SRR19218138,WGS,302,6461414122,"Jon Mee\, Mount Royal University",PRJNA838194,SAMN28408622,Model organism or animal,2098086368,MOUNT ROYAL UNIVERSITY,public,"fastq,run.zq,sra","gs,ncbi,s3","gs.us-east1,ncbi.public,s3.us-east-1",adult,intermediate,SRX15282140,Canada,North America,"Canada: Alberta\, Shunda Lake",Illumina NovaSeq 6000,SH-19-024,SH-19-024,PAIRED,RANDOM,GENOMIC,Culaea inconstans,ILLUMINA,2023-08-31T00:00:00Z,2022-05-16T11:38:00Z,1,SH-19-024,female,M,SRP375366,caudal fin
SRR19218134,WGS,302,5675760820,"Jon Mee\, Mount Royal University",PRJNA838194,SAMN28408623,Model organism or animal,1848775746,MOUNT ROYAL UNIVERSITY,public,"fastq,run.zq,sra","gs,ncbi,s3","gs.us-east1,ncbi.public,s3.us-east-1",adult,intermediate,SRX15282144,Canada,North America,"Canada: Alberta\, Shunda Lake",Illumina NovaSeq 6000,SH-19-025,SH-19-025,PAIRED,RANDOM,GENOMIC,Culaea inconstans,ILLUMINA,2023-08-31T00:00:00Z,2022-05-16T11:39:00Z,1,SH-19-025,female,M,SRP375366,caudal fin
SRR19218190,WGS,302,5574525588,"Jon Mee\, Mount Royal University",PRJNA838194,SAMN28408624,Model organism or animal,1807165003,MOUNT ROYAL UNIVERSITY,public,"fastq,run.zq,sra","gs,ncbi,s3","gs.us-east1,ncbi.public,s3.us-east-1",adult,unspined,SRX15282088,Canada,North America,"Canada: Alberta\, Shunda Lake",Illumina NovaSeq 6000,SH-19-027,SH-19-027,PAIRED,RANDOM,GENOMIC,Culaea inconstans,ILLUMINA,2023-08-31T00:00:00Z,2022-05-16T11:39:00Z,1,SH-19-027,male,F,SRP375366,caudal fin
SRR19218186,WGS,302,6167063480,"Jon Mee\, Mount Royal University",PRJNA838194,SAMN28408625,Model organism or animal,2000231110,MOUNT ROYAL UNIVERSITY,public,"fastq,run.zq,sra","gs,ncbi,s3","gs.us-east1,ncbi.public,s3.us-east-1",adult,unspined,SRX15282092,Canada,North America,"Canada: Alberta\, Shunda Lake",Illumina NovaSeq 6000,SH-19-028,SH-19-028,PAIRED,RANDOM,GENOMIC,Culaea inconstans,ILLUMINA,2023-08-31T00:00:00Z,2022-05-16T11:38:00Z,1,SH-19-028,female,F,SRP375366,caudal fin
SRR19218181,WGS,302,6936001686,"Jon Mee\, Mount Royal University",PRJNA838194,SAMN28408626,Model organism or animal,2254994254,MOUNT ROYAL UNIVERSITY,public,"fastq,run.zq,sra","gs,ncbi,s3","gs.us-east1,ncbi.public,s3.us-east-1",adult,intermediate,SRX15282097,Canada,North America,"Canada: Alberta\, Shunda Lake",Illumina NovaSeq 6000,SH-19-029,SH-19-029,PAIRED,RANDOM,GENOMIC,Culaea inconstans,ILLUMINA,2023-08-31T00:00:00Z,2022-05-16T11:38:00Z,1,SH-19-029,female,F,SRP375366,caudal fin
SRR19218178,WGS,302,6300212864,"Jon Mee\, Mount Royal University",PRJNA838194,SAMN28408627,Model organism or animal,2047791143,MOUNT ROYAL UNIVERSITY,public,"fastq,run.zq,sra","gs,ncbi,s3","gs.us-east1,ncbi.public,s3.us-east-1",adult,intermediate,SRX15282100,Canada,North America,"Canada: Alberta\, Shunda Lake",Illumina NovaSeq 6000,SH-19-030,SH-19-030,PAIRED,RANDOM,GENOMIC,Culaea inconstans,ILLUMINA,2023-08-31T00:00:00Z,2022-05-16T11:38:00Z,1,SH-19-030,female,F,SRP375366,caudal fin
SRR19218175,WGS,302,5936932534,"Jon Mee\, Mount Royal University",PRJNA838194,SAMN28408628,Model organism or animal,1916976328,MOUNT ROYAL UNIVERSITY,public,"fastq,run.zq,sra","gs,ncbi,s3","gs.us-east1,ncbi.public,s3.us-east-1",adult,spined,SRX15282103,Canada,North America,"Canada: Alberta\, Shunda Lake",Illumina NovaSeq 6000,SH-19-031,SH-19-031,PAIRED,RANDOM,GENOMIC,Culaea inconstans,ILLUMINA,2023-08-31T00:00:00Z,2022-05-16T11:43:00Z,1,SH-19-031,female,M,SRP375366,caudal fin
SRR19218171,WGS,302,4616946102,"Jon Mee\, Mount Royal University",PRJNA838194,SAMN28408629,Model organism or animal,1501255612,MOUNT ROYAL UNIVERSITY,public,"fastq,run.zq,sra","gs,ncbi,s3","gs.us-east1,ncbi.public,s3.us-east-1",adult,spined,SRX15282107,Canada,North America,"Canada: Alberta\, Shunda Lake",Illumina NovaSeq 6000,SH-19-033,SH-19-033,PAIRED,RANDOM,GENOMIC,Culaea inconstans,ILLUMINA,2023-08-31T00:00:00Z,2022-05-16T11:37:00Z,1,SH-19-033,female,M,SRP375366,caudal fin
SRR19218168,WGS,302,4818334802,"Jon Mee\, Mount Royal University",PRJNA838194,SAMN28408630,Model organism or animal,1560312635,MOUNT ROYAL UNIVERSITY,public,"fastq,run.zq,sra","gs,ncbi,s3","gs.us-east1,ncbi.public,s3.us-east-1",adult,spined,SRX15282110,Canada,North America,"Canada: Alberta\, Shunda Lake",Illumina NovaSeq 6000,SH-19-034,SH-19-034,PAIRED,RANDOM,GENOMIC,Culaea inconstans,ILLUMINA,2023-08-31T00:00:00Z,2022-05-16T11:38:00Z,1,SH-19-034,female,M,SRP375366,caudal fin
SRR19218193,WGS,302,5414189862,"Jon Mee\, Mount Royal University",PRJNA838194,SAMN28408631,Model organism or animal,1753719989,MOUNT ROYAL UNIVERSITY,public,"fastq,run.zq,sra","gs,ncbi,s3","gs.us-east1,ncbi.public,s3.us-east-1",adult,intermediate,SRX15282085,Canada,North America,"Canada: Alberta\, Shunda Lake",Illumina NovaSeq 6000,SH-19-035,SH-19-035,PAIRED,RANDOM,GENOMIC,Culaea inconstans,ILLUMINA,2023-08-31T00:00:00Z,2022-05-16T11:53:00Z,1,SH-19-035,male,F,SRP375366,caudal fin
SRR19218189,WGS,302,5109286736,"Jon Mee\, Mount Royal University",PRJNA838194,SAMN28408632,Model organism or animal,1656709086,MOUNT ROYAL UNIVERSITY,public,"fastq,run.zq,sra","gs,ncbi,s3","gs.us-east1,ncbi.public,s3.us-east-1",adult,spined,SRX15282089,Canada,North America,"Canada: Alberta\, Shunda Lake",Illumina NovaSeq 6000,SH-19-036,SH-19-036,PAIRED,RANDOM,GENOMIC,Culaea inconstans,ILLUMINA,2023-08-31T00:00:00Z,2022-05-16T11:37:00Z,1,SH-19-036,female,F,SRP375366,caudal fin
SRR19218184,WGS,302,4091320236,"Jon Mee\, Mount Royal University",PRJNA838194,SAMN28408633,Model organism or animal,1333195568,MOUNT ROYAL UNIVERSITY,public,"fastq,run.zq,sra","gs,ncbi,s3","gs.us-east1,ncbi.public,s3.us-east-1",adult,spined,SRX15282094,Canada,North America,"Canada: Alberta\, Shunda Lake",Illumina NovaSeq 6000,SH-19-037,SH-19-037,PAIRED,RANDOM,GENOMIC,Culaea inconstans,ILLUMINA,2023-08-31T00:00:00Z,2022-05-16T11:34:00Z,1,SH-19-037,male,F,SRP375366,caudal fin
SRR19218180,WGS,302,4791330868,"Jon Mee\, Mount Royal University",PRJNA838194,SAMN28408634,Model organism or animal,1561003500,MOUNT ROYAL UNIVERSITY,public,"fastq,run.zq,sra","gs,ncbi,s3","gs.us-east1,ncbi.public,s3.us-east-1",adult,spined,SRX15282098,Canada,North America,"Canada: Alberta\, Shunda Lake",Illumina NovaSeq 6000,SH-19-039,SH-19-039,PAIRED,RANDOM,GENOMIC,Culaea inconstans,ILLUMINA,2023-08-31T00:00:00Z,2022-05-16T11:35:00Z,1,SH-19-039,male,F,SRP375366,caudal fin
SRR19218177,WGS,302,5226160132,"Jon Mee\, Mount Royal University",PRJNA838194,SAMN28408635,Model organism or animal,1702099444,MOUNT ROYAL UNIVERSITY,public,"fastq,run.zq,sra","gs,ncbi,s3","gs.us-east1,ncbi.public,s3.us-east-1",adult,spined,SRX15282101,Canada,North America,"Canada: Alberta\, Shunda Lake",Illumina NovaSeq 6000,SH-19-040,SH-19-040,PAIRED,RANDOM,GENOMIC,Culaea inconstans,ILLUMINA,2023-08-31T00:00:00Z,2022-05-16T11:35:00Z,1,SH-19-040,male,F,SRP375366,caudal fin
SRR19218195,WGS,302,8962739994,"Jon Mee\, Mount Royal University",PRJNA838194,SAMN28408636,Model organism or animal,2912214542,MOUNT ROYAL UNIVERSITY,public,"fastq,run.zq,sra","gs,ncbi,s3","gs.us-east1,ncbi.public,s3.us-east-1",adult,spined,SRX15282083,Canada,North America,"Canada: Alberta\, Shunda Lake",Illumina NovaSeq 6000,SH-19-043,SH-19-043,PAIRED,RANDOM,GENOMIC,Culaea inconstans,ILLUMINA,2023-08-31T00:00:00Z,2022-05-16T11:52:00Z,1,SH-19-043,female,M,SRP375366,caudal fin
SRR19218182,WGS,302,10127807070,"Jon Mee\, Mount Royal University",PRJNA838194,SAMN28408637,Model organism or animal,3300056966,MOUNT ROYAL UNIVERSITY,public,"fastq,run.zq,sra","gs,ncbi,s3","gs.us-east1,ncbi.public,s3.us-east-1",adult,spined,SRX15282096,Canada,North America,"Canada: Alberta\, Shunda Lake",Illumina NovaSeq 6000,SH-19-044,SH-19-044,PAIRED,RANDOM,GENOMIC,Culaea inconstans,ILLUMINA,2023-08-31T00:00:00Z,2022-05-16T11:48:00Z,1,SH-19-044,female,F,SRP375366,caudal fin
SRR19218173,WGS,302,4067289794,"Jon Mee\, Mount Royal University",PRJNA838194,SAMN28408638,Model organism or animal,1315441268,MOUNT ROYAL UNIVERSITY,public,"fastq,run.zq,sra","gs,ncbi,s3","gs.us-east1,ncbi.public,s3.us-east-1",adult,intermediate,SRX15282105,Canada,North America,"Canada: Alberta\, Shunda Lake",Illumina NovaSeq 6000,SH-19-045,SH-19-045,PAIRED,RANDOM,GENOMIC,Culaea inconstans,ILLUMINA,2023-08-31T00:00:00Z,2022-05-16T11:33:00Z,1,SH-19-045,male,M,SRP375366,caudal fin
SRR19218170,WGS,302,4404062376,"Jon Mee\, Mount Royal University",PRJNA838194,SAMN28408639,Model organism or animal,1432643020,MOUNT ROYAL UNIVERSITY,public,"fastq,run.zq,sra","gs,ncbi,s3","gs.us-east1,ncbi.public,s3.us-east-1",adult,intermediate,SRX15282108,Canada,North America,"Canada: Alberta\, Shunda Lake",Illumina NovaSeq 6000,SH-19-046,SH-19-046,PAIRED,RANDOM,GENOMIC,Culaea inconstans,ILLUMINA,2023-08-31T00:00:00Z,2022-05-16T11:35:00Z,1,SH-19-046,male,M,SRP375366,caudal fin
SRR19218167,WGS,302,4723488380,"Jon Mee\, Mount Royal University",PRJNA838194,SAMN28408640,Model organism or animal,1538887401,MOUNT ROYAL UNIVERSITY,public,"fastq,run.zq,sra","gs,ncbi,s3","gs.us-east1,ncbi.public,s3.us-east-1",adult,unspined,SRX15282111,Canada,North America,"Canada: Alberta\, Shunda Lake",Illumina NovaSeq 6000,SH-19-047,SH-19-047,PAIRED,RANDOM,GENOMIC,Culaea inconstans,ILLUMINA,2023-08-31T00:00:00Z,2022-05-16T11:35:00Z,1,SH-19-047,female,M,SRP375366,caudal fin
SRR19218192,WGS,302,5744336564,"Jon Mee\, Mount Royal University",PRJNA838194,SAMN28408641,Model organism or animal,1870013233,MOUNT ROYAL UNIVERSITY,public,"fastq,run.zq,sra","gs,ncbi,s3","gs.us-east1,ncbi.public,s3.us-east-1",adult,intermediate,SRX15282086,Canada,North America,"Canada: Alberta\, Shunda Lake",Illumina NovaSeq 6000,SH-19-048,SH-19-048,PAIRED,RANDOM,GENOMIC,Culaea inconstans,ILLUMINA,2023-08-31T00:00:00Z,2022-05-16T11:35:00Z,1,SH-19-048,male,F,SRP375366,caudal fin
SRR19218188,WGS,302,4526288420,"Jon Mee\, Mount Royal University",PRJNA838194,SAMN28408642,Model organism or animal,1472053023,MOUNT ROYAL UNIVERSITY,public,"fastq,run.zq,sra","gs,ncbi,s3","gs.us-east1,ncbi.public,s3.us-east-1",adult,intermediate,SRX15282090,Canada,North America,"Canada: Alberta\, Shunda Lake",Illumina NovaSeq 6000,SH-19-049,SH-19-049,PAIRED,RANDOM,GENOMIC,Culaea inconstans,ILLUMINA,2023-08-31T00:00:00Z,2022-05-16T11:33:00Z,1,SH-19-049,female,F,SRP375366,caudal fin
SRR19218183,WGS,302,4439736126,"Jon Mee\, Mount Royal University",PRJNA838194,SAMN28408643,Model organism or animal,1444170594,MOUNT ROYAL UNIVERSITY,public,"fastq,run.zq,sra","gs,ncbi,s3","gs.us-east1,ncbi.public,s3.us-east-1",adult,spined,SRX15282095,Canada,North America,"Canada: Alberta\, Shunda Lake",Illumina NovaSeq 6000,SH-19-050,SH-19-050,PAIRED,RANDOM,GENOMIC,Culaea inconstans,ILLUMINA,2023-08-31T00:00:00Z,2022-05-16T11:35:00Z,1,SH-19-050,male,M,SRP375366,caudal fin
SRR19218179,WGS,302,4538217722,"Jon Mee\, Mount Royal University",PRJNA838194,SAMN28408644,Model organism or animal,1476184669,MOUNT ROYAL UNIVERSITY,public,"fastq,run.zq,sra","gs,ncbi,s3","gs.us-east1,ncbi.public,s3.us-east-1",adult,intermediate,SRX15282099,Canada,North America,"Canada: Alberta\, Shunda Lake",Illumina NovaSeq 6000,SH-19-051,SH-19-051,PAIRED,RANDOM,GENOMIC,Culaea inconstans,ILLUMINA,2023-08-31T00:00:00Z,2022-05-16T11:35:00Z,1,SH-19-051,male,M,SRP375366,caudal fin
SRR19218176,WGS,302,4131957356,"Jon Mee\, Mount Royal University",PRJNA838194,SAMN28408645,Model organism or animal,1334543716,MOUNT ROYAL UNIVERSITY,public,"fastq,run.zq,sra","gs,ncbi,s3","gs.us-east1,ncbi.public,s3.us-east-1",adult,intermediate,SRX15282102,Canada,North America,"Canada: Alberta\, Shunda Lake",Illumina NovaSeq 6000,SH-19-052,SH-19-052,PAIRED,RANDOM,GENOMIC,Culaea inconstans,ILLUMINA,2023-08-31T00:00:00Z,2022-05-16T11:34:00Z,1,SH-19-052,male,F,SRP375366,caudal fin
SRR19218172,WGS,302,4904649422,"Jon Mee\, Mount Royal University",PRJNA838194,SAMN28408646,Model organism or animal,1589935435,MOUNT ROYAL UNIVERSITY,public,"fastq,run.zq,sra","gs,ncbi,s3","gs.us-east1,ncbi.public,s3.us-east-1",adult,spined,SRX15282106,Canada,North America,"Canada: Alberta\, Shunda Lake",Illumina NovaSeq 6000,SH-19-053,SH-19-053,PAIRED,RANDOM,GENOMIC,Culaea inconstans,ILLUMINA,2023-08-31T00:00:00Z,2022-05-16T11:33:00Z,1,SH-19-053,male,M,SRP375366,caudal fin
SRR19218169,WGS,302,4508174460,"Jon Mee\, Mount Royal University",PRJNA838194,SAMN28408647,Model organism or animal,1467265619,MOUNT ROYAL UNIVERSITY,public,"fastq,run.zq,sra","gs,ncbi,s3","gs.us-east1,ncbi.public,s3.us-east-1",adult,intermediate,SRX15282109,Canada,North America,"Canada: Alberta\, Shunda Lake",Illumina NovaSeq 6000,SH-19-054,SH-19-054,PAIRED,RANDOM,GENOMIC,Culaea inconstans,ILLUMINA,2023-08-31T00:00:00Z,2022-05-16T11:35:00Z,1,SH-19-054,male,F,SRP375366,caudal fin
SRR19218166,WGS,302,4477177482,"Jon Mee\, Mount Royal University",PRJNA838194,SAMN28408648,Model organism or animal,1448425002,MOUNT ROYAL UNIVERSITY,public,"fastq,run.zq,sra","gs,ncbi,s3","gs.us-east1,ncbi.public,s3.us-east-1",adult,spined,SRX15282112,Canada,North America,"Canada: Alberta\, Shunda Lake",Illumina NovaSeq 6000,SH-19-055,SH-19-055,PAIRED,RANDOM,GENOMIC,Culaea inconstans,ILLUMINA,2023-08-31T00:00:00Z,2022-05-16T11:33:00Z,1,SH-19-055,male,M,SRP375366,caudal fin
SRR19218161,WGS,302,9882130372,"Jon Mee\, Mount Royal University",PRJNA838194,SAMN28408649,Model organism or animal,3218847434,MOUNT ROYAL UNIVERSITY,public,"fastq,run.zq,sra","gs,ncbi,s3","gs.us-east1,ncbi.public,s3.us-east-1",adult,intermediate,SRX15282117,Canada,North America,"Canada: Alberta\, Shunda Lake",Illumina NovaSeq 6000,SH-19-056,SH-19-056,PAIRED,RANDOM,GENOMIC,Culaea inconstans,ILLUMINA,2023-08-31T00:00:00Z,2022-05-16T11:44:00Z,1,SH-19-056,male,M,SRP375366,caudal fin
SRR19218157,WGS,302,8537475674,"Jon Mee\, Mount Royal University",PRJNA838194,SAMN28408650,Model organism or animal,2784632343,MOUNT ROYAL UNIVERSITY,public,"fastq,run.zq,sra","gs,ncbi,s3","gs.us-east1,ncbi.public,s3.us-east-1",adult,unspined,SRX15282121,Canada,North America,"Canada: Alberta\, Shunda Lake",Illumina NovaSeq 6000,SH-19-057,SH-19-057,PAIRED,RANDOM,GENOMIC,Culaea inconstans,ILLUMINA,2023-08-31T00:00:00Z,2022-05-16T11:55:00Z,1,SH-19-057,male,M,SRP375366,caudal fin
SRR19218151,WGS,302,8797290804,"Jon Mee\, Mount Royal University",PRJNA838194,SAMN28408651,Model organism or animal,2855374827,MOUNT ROYAL UNIVERSITY,public,"fastq,run.zq,sra","gs,ncbi,s3","gs.us-east1,ncbi.public,s3.us-east-1",adult,intermediate,SRX15282127,Canada,North America,"Canada: Alberta\, Shunda Lake",Illumina NovaSeq 6000,SH-19-058,SH-19-058,PAIRED,RANDOM,GENOMIC,Culaea inconstans,ILLUMINA,2023-08-31T00:00:00Z,2022-05-16T11:45:00Z,1,SH-19-058,female,M,SRP375366,caudal fin
SRR19218146,WGS,302,7656564626,"Jon Mee\, Mount Royal University",PRJNA838194,SAMN28408652,Model organism or animal,2493192716,MOUNT ROYAL UNIVERSITY,public,"fastq,run.zq,sra","gs,ncbi,s3","gs.us-east1,ncbi.public,s3.us-east-1",adult,intermediate,SRX15282132,Canada,North America,"Canada: Alberta\, Shunda Lake",Illumina NovaSeq 6000,SH-19-059,SH-19-059,PAIRED,RANDOM,GENOMIC,Culaea inconstans,ILLUMINA,2023-08-31T00:00:00Z,2022-05-16T11:42:00Z,1,SH-19-059,female,M,SRP375366,caudal fin
,,,,,,,,,,,,,,,,,,,,,,,,,,,,,,,,,M,,
,,,,,,,,,,,,,,,,,,,,,,,,,,,,,,,,,M,,
,,,,,,,,,,,,,,,,,,,,,,,,,,,,,,,,,M,,
,,,,,,,,,,,,,,,,,,,,,,,,,,,,,,,,,F,,
,,,,,,,,,,,,,,,,,,,,,,,,,,,,,,,,,F,,
,,,,,,,,,,,,,,,,,,,,,,,,,,,,,,,,,M,,
,,,,,,,,,,,,,,,,,,,,,,,,,,,,,,,,,F,,
,,,,,,,,,,,,,,,,,,,,,,,,,,,,,,,,,M,,
,,,,,,,,,,,,,,,,,,,,,,,,,,,,,,,,,M,,
,,,,,,,,,,,,,,,,,,,,,,,,,,,,,,,,,F,,
,,,,,,,,,,,,,,,,,,,,,,,,,,,,,,,,,M,,
,,,,,,,,,,,,,,,,,,,,,,,,,,,,,,,,,M,,
,,,,,,,,,,,,,,,,,,,,,,,,,,,,,,,,,M,,
,,,,,,,,,,,,,,,,,,,,,,,,,,,,,,,,,F,,
,,,,,,,,,,,,,,,,,,,,,,,,,,,,,,,,,F,,
,,,,,,,,,,,,,,,,,,,,,,,,,,,,,,,,,F,,
,,,,,,,,,,,,,,,,,,,,,,,,,,,,,,,,,M,,
,,,,,,,,,,,,,,,,,,,,,,,,,,,,,,,,,M,,
,,,,,,,,,,,,,,,,,,,,,,,,,,,,,,,,,M,,
,,,,,,,,,,,,,,,,,,,,,,,,,,,,,,,,,M,,
,,,,,,,,,,,,,,,,,,,,,,,,,,,,,,,,,M,,
,,,,,,,,,,,,,,,,,,,,,,,,,,,,,,,,,M,,
,,,,,,,,,,,,,,,,,,,,,,,,,,,,,,,,,M,,
,,,,,,,,,,,,,,,,,,,,,,,,,,,,,,,,,M,,
,,,,,,,,,,,,,,,,,,,,,,,,,,,,,,,,,M,,
,,,,,,,,,,,,,,,,,,,,,,,,,,,,,,,,,M,,
,,,,,,,,,,,,,,,,,,,,,,,,,,,,,,,,,M,,
,,,,,,,,,,,,,,,,,,,,,,,,,,,,,,,,,F,,
,,,,,,,,,,,,,,,,,,,,,,,,,,,,,,,,,F,,
,,,,,,,,,,,,,,,,,,,,,,,,,,,,,,,,,F,,
,,,,,,,,,,,,,,,,,,,,,,,,,,,,,,,,,M,,
,,,,,,,,,,,,,,,,,,,,,,,,,,,,,,,,,F,,
,,,,,,,,,,,,,,,,,,,,,,,,,,,,,,,,,F,,
,,,,,,,,,,,,,,,,,,,,,,,,,,,,,,,,,M,,
,,,,,,,,,,,,,,,,,,,,,,,,,,,,,,,,,F,,
,,,,,,,,,,,,,,,,,,,,,,,,,,,,,,,,,M,,
,,,,,,,,,,,,,,,,,,,,,,,,,,,,,,,,,F,,
,,,,,,,,,,,,,,,,,,,,,,,,,,,,,,,,,M,,
,,,,,,,,,,,,,,,,,,,,,,,,,,,,,,,,,M,,
,,,,,,,,,,,,,,,,,,,,,,,,,,,,,,,,,M,,
,,,,,,,,,,,,,,,,,,,,,,,,,,,,,,,,,M,,
,,,,,,,,,,,,,,,,,,,,,,,,,,,,,,,,,M,,
,,,,,,,,,,,,,,,,,,,,,,,,,,,,,,,,,M,,
,,,,,,,,,,,,,,,,,,,,,,,,,,,,,,,,,M,,
,,,,,,,,,,,,,,,,,,,,,,,,,,,,,,,,,F,,
,,,,,,,,,,,,,,,,,,,,,,,,,,,,,,,,,M,,
,,,,,,,,,,,,,,,,,,,,,,,,,,,,,,,,,M,,
,,,,,,,,,,,,,,,,,,,,,,,,,,,,,,,,,M,,
,,,,,,,,,,,,,,,,,,,,,,,,,,,,,,,,,M,,
,,,,,,,,,,,,,,,,,,,,,,,,,,,,,,,,,M,,
,,,,,,,,,,,,,,,,,,,,,,,,,,,,,,,,,M,,
,,,,,,,,,,,,,,,,,,,,,,,,,,,,,,,,,M,,
,,,,,,,,,,,,,,,,,,,,,,,,,,,,,,,,,F,,
,,,,,,,,,,,,,,,,,,,,,,,,,,,,,,,,,M,,
,,,,,,,,,,,,,,,,,,,,,,,,,,,,,,,,,M,,
